Source,Target,Type,id,weight
15,4,Undirected,0,1
21,4,Undirected,1,1
21,12,Undirected,2,1
21,15,Undirected,3,1
26,13,Undirected,4,1
27,10,Undirected,5,1
29,12,Undirected,6,1
31,7,Undirected,7,1
31,12,Undirected,8,1
32,4,Undirected,9,1
32,15,Undirected,10,1
32,21,Undirected,11,1
36,11,Undirected,12,1
36,24,Undirected,13,1
37,11,Undirected,14,1
37,24,Undirected,15,1
37,36,Undirected,16,1
38,13,Undirected,17,1
38,26,Undirected,18,1
39,19,Undirected,19,1
39,28,Undirected,20,1
40,6,Undirected,21,1
41,7,Undirected,22,1
41,12,Undirected,23,1
42,23,Undirected,24,1
42,29,Undirected,25,1
44,40,Undirected,26,1
45,17,Undirected,27,1
46,37,Undirected,28,1
48,36,Undirected,29,1
48,37,Undirected,30,1
48,46,Undirected,31,1
50,4,Undirected,32,1
50,15,Undirected,33,1
51,0,Undirected,34,1
51,8,Undirected,35,1
51,10,Undirected,36,1
51,16,Undirected,37,1
51,20,Undirected,38,1
51,27,Undirected,39,1
51,32,Undirected,40,1
51,33,Undirected,41,1
51,36,Undirected,42,1
51,37,Undirected,43,1
51,40,Undirected,44,1
53,40,Undirected,45,1
54,23,Undirected,46,1
55,5,Undirected,47,1
55,40,Undirected,48,1
56,51,Undirected,49,1
57,1,Undirected,50,1
57,4,Undirected,51,1
57,7,Undirected,52,1
58,12,Undirected,53,1
58,19,Undirected,54,1
58,21,Undirected,55,1
58,39,Undirected,56,1
59,12,Undirected,57,1
59,21,Undirected,58,1
59,29,Undirected,59,1
59,41,Undirected,60,1
62,59,Undirected,61,1
63,43,Undirected,62,1
63,49,Undirected,63,1
64,28,Undirected,64,1
64,39,Undirected,65,1
65,4,Undirected,66,1
65,45,Undirected,67,1
68,12,Undirected,68,1
68,28,Undirected,69,1
68,29,Undirected,70,1
68,31,Undirected,71,1
68,39,Undirected,72,1
68,41,Undirected,73,1
68,51,Undirected,74,1
68,59,Undirected,75,1
69,25,Undirected,76,1
70,27,Undirected,77,1
70,51,Undirected,78,1
71,4,Undirected,79,1
71,50,Undirected,80,1
71,64,Undirected,81,1
72,33,Undirected,82,1
73,29,Undirected,83,1
74,16,Undirected,84,1
74,51,Undirected,85,1
75,2,Undirected,86,1
75,29,Undirected,87,1
76,8,Undirected,88,1
76,20,Undirected,89,1
76,51,Undirected,90,1
76,56,Undirected,91,1
78,62,Undirected,92,1
78,73,Undirected,93,1
79,17,Undirected,94,1
79,45,Undirected,95,1
79,65,Undirected,96,1
83,4,Undirected,97,1
83,21,Undirected,98,1
83,32,Undirected,99,1
83,50,Undirected,100,1
83,51,Undirected,101,1
83,58,Undirected,102,1
84,4,Undirected,103,1
84,15,Undirected,104,1
84,32,Undirected,105,1
84,57,Undirected,106,1
84,83,Undirected,107,1
85,4,Undirected,108,1
85,7,Undirected,109,1
85,29,Undirected,110,1
85,32,Undirected,111,1
85,57,Undirected,112,1
85,75,Undirected,113,1
85,76,Undirected,114,1
85,83,Undirected,115,1
85,84,Undirected,116,1
86,4,Undirected,117,1
86,32,Undirected,118,1
86,33,Undirected,119,1
86,57,Undirected,120,1
86,71,Undirected,121,1
86,73,Undirected,122,1
86,83,Undirected,123,1
86,84,Undirected,124,1
86,85,Undirected,125,1
87,17,Undirected,126,1
87,21,Undirected,127,1
87,58,Undirected,128,1
87,64,Undirected,129,1
89,17,Undirected,130,1
89,35,Undirected,131,1
89,45,Undirected,132,1
89,49,Undirected,133,1
89,57,Undirected,134,1
89,65,Undirected,135,1
89,79,Undirected,136,1
89,82,Undirected,137,1
90,4,Undirected,138,1
90,7,Undirected,139,1
90,32,Undirected,140,1
90,33,Undirected,141,1
90,57,Undirected,142,1
90,86,Undirected,143,1
91,49,Undirected,144,1
91,82,Undirected,145,1
92,4,Undirected,146,1
92,7,Undirected,147,1
92,15,Undirected,148,1
92,32,Undirected,149,1
92,33,Undirected,150,1
92,34,Undirected,151,1
92,51,Undirected,152,1
92,57,Undirected,153,1
92,83,Undirected,154,1
92,84,Undirected,155,1
92,85,Undirected,156,1
92,86,Undirected,157,1
92,90,Undirected,158,1
93,17,Undirected,159,1
95,6,Undirected,160,1
95,66,Undirected,161,1
96,22,Undirected,162,1
97,4,Undirected,163,1
97,15,Undirected,164,1
97,28,Undirected,165,1
97,32,Undirected,166,1
97,57,Undirected,167,1
97,83,Undirected,168,1
97,84,Undirected,169,1
97,86,Undirected,170,1
97,92,Undirected,171,1
98,71,Undirected,172,1
98,83,Undirected,173,1
99,7,Undirected,174,1
99,92,Undirected,175,1
100,13,Undirected,176,1
100,26,Undirected,177,1
101,4,Undirected,178,1
101,15,Undirected,179,1
101,29,Undirected,180,1
101,32,Undirected,181,1
101,73,Undirected,182,1
101,85,Undirected,183,1
101,92,Undirected,184,1
102,43,Undirected,185,1
103,28,Undirected,186,1
103,39,Undirected,187,1
103,64,Undirected,188,1
103,68,Undirected,189,1
104,51,Undirected,190,1
105,91,Undirected,191,1
106,28,Undirected,192,1
106,29,Undirected,193,1
107,12,Undirected,194,1
107,21,Undirected,195,1
107,29,Undirected,196,1
107,41,Undirected,197,1
107,58,Undirected,198,1
107,59,Undirected,199,1
107,106,Undirected,200,1
108,4,Undirected,201,1
108,15,Undirected,202,1
108,21,Undirected,203,1
108,83,Undirected,204,1
108,84,Undirected,205,1
108,85,Undirected,206,1
108,101,Undirected,207,1
109,3,Undirected,208,1
110,11,Undirected,209,1
110,36,Undirected,210,1
110,37,Undirected,211,1
111,12,Undirected,212,1
111,29,Undirected,213,1
111,42,Undirected,214,1
111,68,Undirected,215,1
111,73,Undirected,216,1
111,94,Undirected,217,1
111,101,Undirected,218,1
112,16,Undirected,219,1
112,51,Undirected,220,1
112,74,Undirected,221,1
113,1,Undirected,222,1
113,32,Undirected,223,1
113,34,Undirected,224,1
114,7,Undirected,225,1
114,12,Undirected,226,1
114,33,Undirected,227,1
114,68,Undirected,228,1
115,28,Undirected,229,1
115,39,Undirected,230,1
115,64,Undirected,231,1
115,68,Undirected,232,1
115,103,Undirected,233,1
115,106,Undirected,234,1
115,114,Undirected,235,1
116,37,Undirected,236,1
116,48,Undirected,237,1
117,13,Undirected,238,1
117,26,Undirected,239,1
117,38,Undirected,240,1
118,8,Undirected,241,1
118,51,Undirected,242,1
118,56,Undirected,243,1
118,76,Undirected,244,1
119,60,Undirected,245,1
120,40,Undirected,246,1
120,44,Undirected,247,1
121,9,Undirected,248,1
122,3,Undirected,249,1
122,51,Undirected,250,1
122,109,Undirected,251,1
123,51,Undirected,252,1
124,4,Undirected,253,1
124,7,Undirected,254,1
124,50,Undirected,255,1
124,65,Undirected,256,1
124,68,Undirected,257,1
124,107,Undirected,258,1
125,108,Undirected,259,1
125,113,Undirected,260,1
126,27,Undirected,261,1
126,51,Undirected,262,1
126,70,Undirected,263,1
127,32,Undirected,264,1
127,34,Undirected,265,1
127,71,Undirected,266,1
127,92,Undirected,267,1
127,113,Undirected,268,1
128,2,Undirected,269,1
128,75,Undirected,270,1
129,32,Undirected,271,1
129,57,Undirected,272,1
129,84,Undirected,273,1
129,85,Undirected,274,1
129,86,Undirected,275,1
129,90,Undirected,276,1
129,92,Undirected,277,1
129,97,Undirected,278,1
129,101,Undirected,279,1
131,92,Undirected,280,1
132,49,Undirected,281,1
132,63,Undirected,282,1
133,7,Undirected,283,1
133,15,Undirected,284,1
133,29,Undirected,285,1
133,59,Undirected,286,1
133,68,Undirected,287,1
133,92,Undirected,288,1
133,101,Undirected,289,1
133,106,Undirected,290,1
133,108,Undirected,291,1
134,40,Undirected,292,1
134,44,Undirected,293,1
134,53,Undirected,294,1
134,120,Undirected,295,1
135,4,Undirected,296,1
135,6,Undirected,297,1
135,15,Undirected,298,1
135,57,Undirected,299,1
135,66,Undirected,300,1
135,73,Undirected,301,1
135,83,Undirected,302,1
135,84,Undirected,303,1
135,86,Undirected,304,1
135,90,Undirected,305,1
135,92,Undirected,306,1
135,95,Undirected,307,1
135,97,Undirected,308,1
135,98,Undirected,309,1
136,1,Undirected,310,1
136,4,Undirected,311,1
136,7,Undirected,312,1
136,19,Undirected,313,1
136,32,Undirected,314,1
136,33,Undirected,315,1
136,51,Undirected,316,1
136,57,Undirected,317,1
136,58,Undirected,318,1
136,73,Undirected,319,1
136,85,Undirected,320,1
136,86,Undirected,321,1
136,90,Undirected,322,1
136,92,Undirected,323,1
136,114,Undirected,324,1
136,129,Undirected,325,1
136,131,Undirected,326,1
136,135,Undirected,327,1
137,31,Undirected,328,1
137,37,Undirected,329,1
137,57,Undirected,330,1
137,90,Undirected,331,1
137,92,Undirected,332,1
137,129,Undirected,333,1
138,12,Undirected,334,1
138,29,Undirected,335,1
138,59,Undirected,336,1
138,101,Undirected,337,1
139,2,Undirected,338,1
139,12,Undirected,339,1
139,88,Undirected,340,1
140,37,Undirected,341,1
140,51,Undirected,342,1
140,63,Undirected,343,1
140,132,Undirected,344,1
141,29,Undirected,345,1
141,107,Undirected,346,1
142,57,Undirected,347,1
142,75,Undirected,348,1
143,7,Undirected,349,1
143,21,Undirected,350,1
143,23,Undirected,351,1
143,43,Undirected,352,1
143,49,Undirected,353,1
143,51,Undirected,354,1
143,63,Undirected,355,1
143,102,Undirected,356,1
143,115,Undirected,357,1
143,132,Undirected,358,1
143,140,Undirected,359,1
144,81,Undirected,360,1
145,12,Undirected,361,1
145,29,Undirected,362,1
145,31,Undirected,363,1
145,41,Undirected,364,1
145,58,Undirected,365,1
145,59,Undirected,366,1
145,68,Undirected,367,1
145,90,Undirected,368,1
145,123,Undirected,369,1
146,12,Undirected,370,1
146,29,Undirected,371,1
146,31,Undirected,372,1
146,41,Undirected,373,1
146,51,Undirected,374,1
146,58,Undirected,375,1
146,59,Undirected,376,1
146,62,Undirected,377,1
146,68,Undirected,378,1
146,76,Undirected,379,1
146,77,Undirected,380,1
146,78,Undirected,381,1
146,115,Undirected,382,1
146,122,Undirected,383,1
146,138,Undirected,384,1
147,4,Undirected,385,1
147,68,Undirected,386,1
147,92,Undirected,387,1
147,103,Undirected,388,1
147,115,Undirected,389,1
147,127,Undirected,390,1
149,17,Undirected,391,1
149,45,Undirected,392,1
149,65,Undirected,393,1
149,79,Undirected,394,1
149,89,Undirected,395,1
150,43,Undirected,396,1
150,49,Undirected,397,1
150,63,Undirected,398,1
150,91,Undirected,399,1
150,132,Undirected,400,1
150,137,Undirected,401,1
150,140,Undirected,402,1
150,143,Undirected,403,1
151,12,Undirected,404,1
151,68,Undirected,405,1
151,107,Undirected,406,1
151,111,Undirected,407,1
151,114,Undirected,408,1
152,39,Undirected,409,1
152,146,Undirected,410,1
153,20,Undirected,411,1
153,24,Undirected,412,1
153,32,Undirected,413,1
153,37,Undirected,414,1
153,49,Undirected,415,1
153,51,Undirected,416,1
153,67,Undirected,417,1
153,91,Undirected,418,1
153,105,Undirected,419,1
154,4,Undirected,420,1
154,15,Undirected,421,1
154,32,Undirected,422,1
154,50,Undirected,423,1
154,51,Undirected,424,1
154,83,Undirected,425,1
154,84,Undirected,426,1
154,85,Undirected,427,1
154,108,Undirected,428,1
154,124,Undirected,429,1
154,129,Undirected,430,1
154,133,Undirected,431,1
154,135,Undirected,432,1
154,145,Undirected,433,1
155,35,Undirected,434,1
155,49,Undirected,435,1
155,82,Undirected,436,1
155,89,Undirected,437,1
155,91,Undirected,438,1
156,43,Undirected,439,1
156,49,Undirected,440,1
156,132,Undirected,441,1
156,143,Undirected,442,1
156,153,Undirected,443,1
157,50,Undirected,444,1
157,71,Undirected,445,1
157,127,Undirected,446,1
158,92,Undirected,447,1
158,131,Undirected,448,1
159,73,Undirected,449,1
159,78,Undirected,450,1
160,109,Undirected,451,1
160,122,Undirected,452,1
161,28,Undirected,453,1
161,39,Undirected,454,1
161,54,Undirected,455,1
161,64,Undirected,456,1
161,68,Undirected,457,1
161,103,Undirected,458,1
161,115,Undirected,459,1
161,147,Undirected,460,1
162,16,Undirected,461,1
162,51,Undirected,462,1
162,74,Undirected,463,1
162,112,Undirected,464,1
162,153,Undirected,465,1
163,43,Undirected,466,1
163,63,Undirected,467,1
163,132,Undirected,468,1
163,140,Undirected,469,1
163,143,Undirected,470,1
163,150,Undirected,471,1
163,156,Undirected,472,1
164,7,Undirected,473,1
164,12,Undirected,474,1
164,29,Undirected,475,1
164,31,Undirected,476,1
164,34,Undirected,477,1
164,57,Undirected,478,1
164,59,Undirected,479,1
164,68,Undirected,480,1
164,99,Undirected,481,1
164,103,Undirected,482,1
164,107,Undirected,483,1
164,114,Undirected,484,1
164,115,Undirected,485,1
164,136,Undirected,486,1
164,151,Undirected,487,1
164,161,Undirected,488,1
165,25,Undirected,489,1
165,69,Undirected,490,1
166,17,Undirected,491,1
166,45,Undirected,492,1
166,79,Undirected,493,1
166,89,Undirected,494,1
166,149,Undirected,495,1
167,31,Undirected,496,1
167,58,Undirected,497,1
167,64,Undirected,498,1
167,68,Undirected,499,1
167,107,Undirected,500,1
167,111,Undirected,501,1
167,145,Undirected,502,1
167,146,Undirected,503,1
168,92,Undirected,504,1
168,131,Undirected,505,1
168,158,Undirected,506,1
169,12,Undirected,507,1
169,28,Undirected,508,1
169,29,Undirected,509,1
169,41,Undirected,510,1
169,42,Undirected,511,1
169,59,Undirected,512,1
169,68,Undirected,513,1
169,75,Undirected,514,1
169,78,Undirected,515,1
169,85,Undirected,516,1
169,101,Undirected,517,1
169,106,Undirected,518,1
169,111,Undirected,519,1
169,138,Undirected,520,1
169,141,Undirected,521,1
169,145,Undirected,522,1
169,146,Undirected,523,1
169,148,Undirected,524,1
169,167,Undirected,525,1
170,23,Undirected,526,1
171,2,Undirected,527,1
171,39,Undirected,528,1
171,62,Undirected,529,1
171,75,Undirected,530,1
171,77,Undirected,531,1
171,78,Undirected,532,1
171,106,Undirected,533,1
171,128,Undirected,534,1
171,139,Undirected,535,1
171,142,Undirected,536,1
171,146,Undirected,537,1
171,152,Undirected,538,1
172,37,Undirected,539,1
172,116,Undirected,540,1
173,4,Undirected,541,1
173,7,Undirected,542,1
173,15,Undirected,543,1
173,21,Undirected,544,1
173,28,Undirected,545,1
173,58,Undirected,546,1
173,68,Undirected,547,1
173,83,Undirected,548,1
173,84,Undirected,549,1
173,85,Undirected,550,1
173,86,Undirected,551,1
173,87,Undirected,552,1
173,92,Undirected,553,1
173,97,Undirected,554,1
173,106,Undirected,555,1
173,127,Undirected,556,1
173,143,Undirected,557,1
174,60,Undirected,558,1
174,119,Undirected,559,1
175,4,Undirected,560,1
175,29,Undirected,561,1
175,59,Undirected,562,1
175,73,Undirected,563,1
175,101,Undirected,564,1
175,107,Undirected,565,1
175,133,Undirected,566,1
175,138,Undirected,567,1
175,169,Undirected,568,1
175,173,Undirected,569,1
176,4,Undirected,570,1
176,32,Undirected,571,1
176,50,Undirected,572,1
176,57,Undirected,573,1
176,71,Undirected,574,1
176,83,Undirected,575,1
176,84,Undirected,576,1
176,85,Undirected,577,1
176,92,Undirected,578,1
176,97,Undirected,579,1
176,127,Undirected,580,1
176,129,Undirected,581,1
176,136,Undirected,582,1
176,145,Undirected,583,1
176,157,Undirected,584,1
176,173,Undirected,585,1
177,10,Undirected,586,1
177,27,Undirected,587,1
177,51,Undirected,588,1
177,70,Undirected,589,1
177,126,Undirected,590,1
178,19,Undirected,591,1
178,57,Undirected,592,1
178,90,Undirected,593,1
178,92,Undirected,594,1
178,101,Undirected,595,1
178,136,Undirected,596,1
178,137,Undirected,597,1
178,173,Undirected,598,1
179,4,Undirected,599,1
179,15,Undirected,600,1
179,21,Undirected,601,1
179,83,Undirected,602,1
179,84,Undirected,603,1
179,85,Undirected,604,1
179,92,Undirected,605,1
179,97,Undirected,606,1
179,108,Undirected,607,1
179,135,Undirected,608,1
179,154,Undirected,609,1
179,173,Undirected,610,1
179,176,Undirected,611,1
180,12,Undirected,612,1
180,28,Undirected,613,1
180,31,Undirected,614,1
180,39,Undirected,615,1
180,41,Undirected,616,1
180,59,Undirected,617,1
180,64,Undirected,618,1
180,68,Undirected,619,1
180,103,Undirected,620,1
180,106,Undirected,621,1
180,114,Undirected,622,1
180,115,Undirected,623,1
180,133,Undirected,624,1
180,136,Undirected,625,1
180,145,Undirected,626,1
180,151,Undirected,627,1
180,161,Undirected,628,1
180,164,Undirected,629,1
181,68,Undirected,630,1
182,51,Undirected,631,1
182,54,Undirected,632,1
182,104,Undirected,633,1
183,7,Undirected,634,1
183,12,Undirected,635,1
183,29,Undirected,636,1
183,41,Undirected,637,1
183,58,Undirected,638,1
183,59,Undirected,639,1
183,68,Undirected,640,1
183,87,Undirected,641,1
183,111,Undirected,642,1
183,124,Undirected,643,1
183,135,Undirected,644,1
183,145,Undirected,645,1
183,146,Undirected,646,1
183,151,Undirected,647,1
183,157,Undirected,648,1
183,167,Undirected,649,1
183,169,Undirected,650,1
183,173,Undirected,651,1
183,180,Undirected,652,1
184,23,Undirected,653,1
184,33,Undirected,654,1
184,72,Undirected,655,1
184,170,Undirected,656,1
185,0,Undirected,657,1
185,51,Undirected,658,1
185,80,Undirected,659,1
188,51,Undirected,660,1
190,5,Undirected,661,1
190,17,Undirected,662,1
190,37,Undirected,663,1
190,45,Undirected,664,1
190,79,Undirected,665,1
190,89,Undirected,666,1
190,144,Undirected,667,1
190,149,Undirected,668,1
190,153,Undirected,669,1
190,163,Undirected,670,1
190,166,Undirected,671,1
191,43,Undirected,672,1
191,49,Undirected,673,1
191,63,Undirected,674,1
191,132,Undirected,675,1
191,140,Undirected,676,1
191,143,Undirected,677,1
191,150,Undirected,678,1
191,163,Undirected,679,1
192,12,Undirected,680,1
193,2,Undirected,681,1
193,88,Undirected,682,1
193,139,Undirected,683,1
194,23,Undirected,684,1
194,143,Undirected,685,1
194,184,Undirected,686,1
195,7,Undirected,687,1
195,12,Undirected,688,1
195,57,Undirected,689,1
195,68,Undirected,690,1
195,107,Undirected,691,1
195,111,Undirected,692,1
195,114,Undirected,693,1
195,115,Undirected,694,1
195,137,Undirected,695,1
195,151,Undirected,696,1
195,154,Undirected,697,1
195,161,Undirected,698,1
195,164,Undirected,699,1
195,180,Undirected,700,1
196,3,Undirected,701,1
196,51,Undirected,702,1
196,109,Undirected,703,1
196,122,Undirected,704,1
196,146,Undirected,705,1
196,160,Undirected,706,1
197,43,Undirected,707,1
197,143,Undirected,708,1
197,163,Undirected,709,1
198,51,Undirected,710,1
199,0,Undirected,711,1
199,51,Undirected,712,1
199,185,Undirected,713,1
200,29,Undirected,714,1
200,42,Undirected,715,1
200,107,Undirected,716,1
200,169,Undirected,717,1
201,12,Undirected,718,1
201,28,Undirected,719,1
201,29,Undirected,720,1
201,39,Undirected,721,1
201,59,Undirected,722,1
201,64,Undirected,723,1
201,68,Undirected,724,1
201,103,Undirected,725,1
201,106,Undirected,726,1
201,107,Undirected,727,1
201,111,Undirected,728,1
201,114,Undirected,729,1
201,115,Undirected,730,1
201,133,Undirected,731,1
201,141,Undirected,732,1
201,145,Undirected,733,1
201,147,Undirected,734,1
201,151,Undirected,735,1
201,161,Undirected,736,1
201,164,Undirected,737,1
201,180,Undirected,738,1
201,195,Undirected,739,1
202,23,Undirected,740,1
203,22,Undirected,741,1
203,96,Undirected,742,1
204,16,Undirected,743,1
204,51,Undirected,744,1
204,74,Undirected,745,1
204,112,Undirected,746,1
204,162,Undirected,747,1
205,4,Undirected,748,1
205,15,Undirected,749,1
205,21,Undirected,750,1
205,32,Undirected,751,1
205,50,Undirected,752,1
205,51,Undirected,753,1
205,57,Undirected,754,1
205,58,Undirected,755,1
205,71,Undirected,756,1
205,86,Undirected,757,1
205,87,Undirected,758,1
205,92,Undirected,759,1
205,98,Undirected,760,1
205,108,Undirected,761,1
205,135,Undirected,762,1
205,173,Undirected,763,1
205,176,Undirected,764,1
205,179,Undirected,765,1
206,8,Undirected,766,1
206,20,Undirected,767,1
206,51,Undirected,768,1
206,56,Undirected,769,1
206,76,Undirected,770,1
206,118,Undirected,771,1
207,33,Undirected,772,1
207,90,Undirected,773,1
207,92,Undirected,774,1
207,114,Undirected,775,1
207,129,Undirected,776,1
207,135,Undirected,777,1
207,136,Undirected,778,1
207,137,Undirected,779,1
207,178,Undirected,780,1
208,23,Undirected,781,1
208,72,Undirected,782,1
208,99,Undirected,783,1
208,143,Undirected,784,1
208,170,Undirected,785,1
208,184,Undirected,786,1
209,66,Undirected,787,1
209,95,Undirected,788,1
209,169,Undirected,789,1
209,179,Undirected,790,1
210,10,Undirected,791,1
210,27,Undirected,792,1
210,51,Undirected,793,1
210,70,Undirected,794,1
211,21,Undirected,795,1
211,58,Undirected,796,1
211,95,Undirected,797,1
211,143,Undirected,798,1
212,4,Undirected,799,1
212,6,Undirected,800,1
212,15,Undirected,801,1
212,21,Undirected,802,1
212,30,Undirected,803,1
212,32,Undirected,804,1
212,66,Undirected,805,1
212,73,Undirected,806,1
212,83,Undirected,807,1
212,84,Undirected,808,1
212,85,Undirected,809,1
212,92,Undirected,810,1
212,95,Undirected,811,1
212,97,Undirected,812,1
212,108,Undirected,813,1
212,111,Undirected,814,1
212,129,Undirected,815,1
212,133,Undirected,816,1
212,135,Undirected,817,1
212,154,Undirected,818,1
212,173,Undirected,819,1
212,179,Undirected,820,1
212,205,Undirected,821,1
212,209,Undirected,822,1
213,29,Undirected,823,1
213,75,Undirected,824,1
213,111,Undirected,825,1
213,128,Undirected,826,1
213,142,Undirected,827,1
213,169,Undirected,828,1
213,171,Undirected,829,1
214,12,Undirected,830,1
214,21,Undirected,831,1
214,28,Undirected,832,1
214,29,Undirected,833,1
214,42,Undirected,834,1
214,59,Undirected,835,1
214,85,Undirected,836,1
214,101,Undirected,837,1
214,107,Undirected,838,1
214,111,Undirected,839,1
214,135,Undirected,840,1
214,138,Undirected,841,1
214,159,Undirected,842,1
214,169,Undirected,843,1
214,175,Undirected,844,1
214,200,Undirected,845,1
214,213,Undirected,846,1
215,12,Undirected,847,1
215,192,Undirected,848,1
216,0,Undirected,849,1
216,1,Undirected,850,1
216,2,Undirected,851,1
216,3,Undirected,852,1
216,4,Undirected,853,1
216,5,Undirected,854,1
216,6,Undirected,855,1
216,7,Undirected,856,1
216,8,Undirected,857,1
216,9,Undirected,858,1
216,10,Undirected,859,1
216,11,Undirected,860,1
216,12,Undirected,861,1
216,13,Undirected,862,1
216,14,Undirected,863,1
216,15,Undirected,864,1
216,16,Undirected,865,1
216,17,Undirected,866,1
216,18,Undirected,867,1
216,19,Undirected,868,1
216,20,Undirected,869,1
216,21,Undirected,870,1
216,22,Undirected,871,1
216,23,Undirected,872,1
216,24,Undirected,873,1
216,25,Undirected,874,1
216,26,Undirected,875,1
216,27,Undirected,876,1
216,28,Undirected,877,1
216,29,Undirected,878,1
216,30,Undirected,879,1
216,31,Undirected,880,1
216,32,Undirected,881,1
216,33,Undirected,882,1
216,34,Undirected,883,1
216,35,Undirected,884,1
216,36,Undirected,885,1
216,37,Undirected,886,1
216,38,Undirected,887,1
216,39,Undirected,888,1
216,40,Undirected,889,1
216,41,Undirected,890,1
216,42,Undirected,891,1
216,43,Undirected,892,1
216,44,Undirected,893,1
216,45,Undirected,894,1
216,46,Undirected,895,1
216,47,Undirected,896,1
216,48,Undirected,897,1
216,49,Undirected,898,1
216,50,Undirected,899,1
216,51,Undirected,900,1
216,52,Undirected,901,1
216,53,Undirected,902,1
216,54,Undirected,903,1
216,55,Undirected,904,1
216,56,Undirected,905,1
216,57,Undirected,906,1
216,58,Undirected,907,1
216,59,Undirected,908,1
216,60,Undirected,909,1
216,61,Undirected,910,1
216,62,Undirected,911,1
216,63,Undirected,912,1
216,64,Undirected,913,1
216,65,Undirected,914,1
216,66,Undirected,915,1
216,67,Undirected,916,1
216,68,Undirected,917,1
216,69,Undirected,918,1
216,70,Undirected,919,1
216,71,Undirected,920,1
216,72,Undirected,921,1
216,73,Undirected,922,1
216,74,Undirected,923,1
216,75,Undirected,924,1
216,76,Undirected,925,1
216,77,Undirected,926,1
216,78,Undirected,927,1
216,79,Undirected,928,1
216,80,Undirected,929,1
216,81,Undirected,930,1
216,82,Undirected,931,1
216,83,Undirected,932,1
216,84,Undirected,933,1
216,85,Undirected,934,1
216,86,Undirected,935,1
216,87,Undirected,936,1
216,88,Undirected,937,1
216,89,Undirected,938,1
216,90,Undirected,939,1
216,91,Undirected,940,1
216,92,Undirected,941,1
216,93,Undirected,942,1
216,94,Undirected,943,1
216,95,Undirected,944,1
216,96,Undirected,945,1
216,97,Undirected,946,1
216,98,Undirected,947,1
216,99,Undirected,948,1
216,100,Undirected,949,1
216,101,Undirected,950,1
216,102,Undirected,951,1
216,103,Undirected,952,1
216,104,Undirected,953,1
216,105,Undirected,954,1
216,106,Undirected,955,1
216,107,Undirected,956,1
216,108,Undirected,957,1
216,109,Undirected,958,1
216,110,Undirected,959,1
216,111,Undirected,960,1
216,112,Undirected,961,1
216,113,Undirected,962,1
216,114,Undirected,963,1
216,115,Undirected,964,1
216,116,Undirected,965,1
216,117,Undirected,966,1
216,118,Undirected,967,1
216,119,Undirected,968,1
216,120,Undirected,969,1
216,121,Undirected,970,1
216,122,Undirected,971,1
216,123,Undirected,972,1
216,124,Undirected,973,1
216,125,Undirected,974,1
216,126,Undirected,975,1
216,127,Undirected,976,1
216,128,Undirected,977,1
216,129,Undirected,978,1
216,130,Undirected,979,1
216,131,Undirected,980,1
216,132,Undirected,981,1
216,133,Undirected,982,1
216,134,Undirected,983,1
216,135,Undirected,984,1
216,136,Undirected,985,1
216,137,Undirected,986,1
216,138,Undirected,987,1
216,139,Undirected,988,1
216,140,Undirected,989,1
216,141,Undirected,990,1
216,142,Undirected,991,1
216,143,Undirected,992,1
216,144,Undirected,993,1
216,145,Undirected,994,1
216,146,Undirected,995,1
216,147,Undirected,996,1
216,148,Undirected,997,1
216,149,Undirected,998,1
216,150,Undirected,999,1
216,151,Undirected,1000,1
216,152,Undirected,1001,1
216,153,Undirected,1002,1
216,154,Undirected,1003,1
216,155,Undirected,1004,1
216,156,Undirected,1005,1
216,157,Undirected,1006,1
216,158,Undirected,1007,1
216,159,Undirected,1008,1
216,160,Undirected,1009,1
216,161,Undirected,1010,1
216,162,Undirected,1011,1
216,163,Undirected,1012,1
216,164,Undirected,1013,1
216,165,Undirected,1014,1
216,166,Undirected,1015,1
216,167,Undirected,1016,1
216,168,Undirected,1017,1
216,169,Undirected,1018,1
216,170,Undirected,1019,1
216,171,Undirected,1020,1
216,172,Undirected,1021,1
216,173,Undirected,1022,1
216,174,Undirected,1023,1
216,175,Undirected,1024,1
216,176,Undirected,1025,1
216,177,Undirected,1026,1
216,178,Undirected,1027,1
216,179,Undirected,1028,1
216,180,Undirected,1029,1
216,181,Undirected,1030,1
216,182,Undirected,1031,1
216,183,Undirected,1032,1
216,184,Undirected,1033,1
216,185,Undirected,1034,1
216,186,Undirected,1035,1
216,187,Undirected,1036,1
216,188,Undirected,1037,1
216,189,Undirected,1038,1
216,190,Undirected,1039,1
216,191,Undirected,1040,1
216,192,Undirected,1041,1
216,193,Undirected,1042,1
216,194,Undirected,1043,1
216,195,Undirected,1044,1
216,196,Undirected,1045,1
216,197,Undirected,1046,1
216,198,Undirected,1047,1
216,199,Undirected,1048,1
216,200,Undirected,1049,1
216,201,Undirected,1050,1
216,202,Undirected,1051,1
216,203,Undirected,1052,1
216,204,Undirected,1053,1
216,205,Undirected,1054,1
216,206,Undirected,1055,1
216,207,Undirected,1056,1
216,208,Undirected,1057,1
216,209,Undirected,1058,1
216,210,Undirected,1059,1
216,211,Undirected,1060,1
216,212,Undirected,1061,1
216,213,Undirected,1062,1
216,214,Undirected,1063,1
216,215,Undirected,1064,1
217,43,Undirected,1065,1
217,49,Undirected,1066,1
217,51,Undirected,1067,1
217,63,Undirected,1068,1
217,132,Undirected,1069,1
217,140,Undirected,1070,1
217,143,Undirected,1071,1
217,150,Undirected,1072,1
217,155,Undirected,1073,1
217,156,Undirected,1074,1
217,163,Undirected,1075,1
217,191,Undirected,1076,1
217,197,Undirected,1077,1
217,216,Undirected,1078,1
218,59,Undirected,1079,1
218,65,Undirected,1080,1
218,86,Undirected,1081,1
218,138,Undirected,1082,1
218,175,Undirected,1083,1
218,200,Undirected,1084,1
218,201,Undirected,1085,1
218,216,Undirected,1086,1
219,6,Undirected,1087,1
219,40,Undirected,1088,1
219,53,Undirected,1089,1
219,68,Undirected,1090,1
219,179,Undirected,1091,1
219,187,Undirected,1092,1
219,216,Undirected,1093,1
220,137,Undirected,1094,1
220,146,Undirected,1095,1
220,209,Undirected,1096,1
220,216,Undirected,1097,1
221,37,Undirected,1098,1
221,51,Undirected,1099,1
221,153,Undirected,1100,1
221,216,Undirected,1101,1
222,23,Undirected,1102,1
222,33,Undirected,1103,1
222,72,Undirected,1104,1
222,170,Undirected,1105,1
222,184,Undirected,1106,1
222,194,Undirected,1107,1
222,208,Undirected,1108,1
222,216,Undirected,1109,1
223,92,Undirected,1110,1
223,158,Undirected,1111,1
223,168,Undirected,1112,1
223,216,Undirected,1113,1
224,2,Undirected,1114,1
224,59,Undirected,1115,1
224,75,Undirected,1116,1
224,128,Undirected,1117,1
224,142,Undirected,1118,1
224,171,Undirected,1119,1
224,213,Undirected,1120,1
224,216,Undirected,1121,1
225,51,Undirected,1122,1
225,63,Undirected,1123,1
225,140,Undirected,1124,1
225,142,Undirected,1125,1
225,143,Undirected,1126,1
225,150,Undirected,1127,1
225,216,Undirected,1128,1
225,217,Undirected,1129,1
226,25,Undirected,1130,1
226,55,Undirected,1131,1
226,69,Undirected,1132,1
226,165,Undirected,1133,1
226,172,Undirected,1134,1
226,216,Undirected,1135,1
227,21,Undirected,1136,1
227,28,Undirected,1137,1
227,58,Undirected,1138,1
227,107,Undirected,1139,1
227,143,Undirected,1140,1
227,163,Undirected,1141,1
227,164,Undirected,1142,1
227,183,Undirected,1143,1
227,211,Undirected,1144,1
227,216,Undirected,1145,1
228,59,Undirected,1146,1
228,62,Undirected,1147,1
228,77,Undirected,1148,1
228,78,Undirected,1149,1
228,138,Undirected,1150,1
228,146,Undirected,1151,1
228,169,Undirected,1152,1
228,171,Undirected,1153,1
228,216,Undirected,1154,1
229,122,Undirected,1155,1
229,171,Undirected,1156,1
229,216,Undirected,1157,1
230,51,Undirected,1158,1
230,216,Undirected,1159,1
231,40,Undirected,1160,1
231,53,Undirected,1161,1
231,216,Undirected,1162,1
232,31,Undirected,1163,1
232,42,Undirected,1164,1
232,49,Undirected,1165,1
232,68,Undirected,1166,1
232,145,Undirected,1167,1
232,167,Undirected,1168,1
232,173,Undirected,1169,1
232,183,Undirected,1170,1
232,216,Undirected,1171,1
233,17,Undirected,1172,1
233,45,Undirected,1173,1
233,166,Undirected,1174,1
233,190,Undirected,1175,1
233,216,Undirected,1176,1
234,3,Undirected,1177,1
234,12,Undirected,1178,1
234,37,Undirected,1179,1
234,51,Undirected,1180,1
234,59,Undirected,1181,1
234,68,Undirected,1182,1
234,109,Undirected,1183,1
234,122,Undirected,1184,1
234,146,Undirected,1185,1
234,171,Undirected,1186,1
234,196,Undirected,1187,1
234,216,Undirected,1188,1
234,228,Undirected,1189,1
234,229,Undirected,1190,1
235,4,Undirected,1191,1
235,7,Undirected,1192,1
235,32,Undirected,1193,1
235,33,Undirected,1194,1
235,51,Undirected,1195,1
235,57,Undirected,1196,1
235,90,Undirected,1197,1
235,92,Undirected,1198,1
235,95,Undirected,1199,1
235,124,Undirected,1200,1
235,129,Undirected,1201,1
235,131,Undirected,1202,1
235,135,Undirected,1203,1
235,136,Undirected,1204,1
235,137,Undirected,1205,1
235,154,Undirected,1206,1
235,156,Undirected,1207,1
235,158,Undirected,1208,1
235,178,Undirected,1209,1
235,183,Undirected,1210,1
235,205,Undirected,1211,1
235,207,Undirected,1212,1
235,212,Undirected,1213,1
235,216,Undirected,1214,1
235,223,Undirected,1215,1
236,17,Undirected,1216,1
236,45,Undirected,1217,1
236,79,Undirected,1218,1
236,89,Undirected,1219,1
236,149,Undirected,1220,1
236,166,Undirected,1221,1
236,190,Undirected,1222,1
236,216,Undirected,1223,1
237,14,Undirected,1224,1
237,186,Undirected,1225,1
237,216,Undirected,1226,1
238,12,Undirected,1227,1
238,29,Undirected,1228,1
238,73,Undirected,1229,1
238,86,Undirected,1230,1
238,111,Undirected,1231,1
238,151,Undirected,1232,1
238,154,Undirected,1233,1
238,212,Undirected,1234,1
238,216,Undirected,1235,1
239,43,Undirected,1236,1
239,143,Undirected,1237,1
239,163,Undirected,1238,1
239,197,Undirected,1239,1
239,205,Undirected,1240,1
239,216,Undirected,1241,1
240,7,Undirected,1242,1
240,12,Undirected,1243,1
240,31,Undirected,1244,1
240,33,Undirected,1245,1
240,41,Undirected,1246,1
240,59,Undirected,1247,1
240,68,Undirected,1248,1
240,89,Undirected,1249,1
240,90,Undirected,1250,1
240,92,Undirected,1251,1
240,99,Undirected,1252,1
240,101,Undirected,1253,1
240,107,Undirected,1254,1
240,111,Undirected,1255,1
240,114,Undirected,1256,1
240,145,Undirected,1257,1
240,146,Undirected,1258,1
240,167,Undirected,1259,1
240,169,Undirected,1260,1
240,178,Undirected,1261,1
240,180,Undirected,1262,1
240,183,Undirected,1263,1
240,207,Undirected,1264,1
240,214,Undirected,1265,1
240,216,Undirected,1266,1
240,232,Undirected,1267,1
241,216,Undirected,1268,1
242,25,Undirected,1269,1
242,40,Undirected,1270,1
242,44,Undirected,1271,1
242,51,Undirected,1272,1
242,53,Undirected,1273,1
242,55,Undirected,1274,1
242,69,Undirected,1275,1
242,120,Undirected,1276,1
242,134,Undirected,1277,1
242,165,Undirected,1278,1
242,190,Undirected,1279,1
242,216,Undirected,1280,1
242,219,Undirected,1281,1
242,231,Undirected,1282,1
243,61,Undirected,1283,1
243,66,Undirected,1284,1
243,216,Undirected,1285,1
244,5,Undirected,1286,1
244,76,Undirected,1287,1
244,77,Undirected,1288,1
244,85,Undirected,1289,1
244,146,Undirected,1290,1
244,171,Undirected,1291,1
244,216,Undirected,1292,1
245,4,Undirected,1293,1
245,15,Undirected,1294,1
245,32,Undirected,1295,1
245,50,Undirected,1296,1
245,71,Undirected,1297,1
245,84,Undirected,1298,1
245,85,Undirected,1299,1
245,86,Undirected,1300,1
245,92,Undirected,1301,1
245,97,Undirected,1302,1
245,108,Undirected,1303,1
245,135,Undirected,1304,1
245,173,Undirected,1305,1
245,176,Undirected,1306,1
245,179,Undirected,1307,1
245,205,Undirected,1308,1
245,212,Undirected,1309,1
245,216,Undirected,1310,1
246,4,Undirected,1311,1
246,15,Undirected,1312,1
246,21,Undirected,1313,1
246,84,Undirected,1314,1
246,87,Undirected,1315,1
246,97,Undirected,1316,1
246,108,Undirected,1317,1
246,125,Undirected,1318,1
246,154,Undirected,1319,1
246,173,Undirected,1320,1
246,216,Undirected,1321,1
247,1,Undirected,1322,1
247,32,Undirected,1323,1
247,50,Undirected,1324,1
247,57,Undirected,1325,1
247,92,Undirected,1326,1
247,99,Undirected,1327,1
247,113,Undirected,1328,1
247,127,Undirected,1329,1
247,129,Undirected,1330,1
247,133,Undirected,1331,1
247,135,Undirected,1332,1
247,136,Undirected,1333,1
247,153,Undirected,1334,1
247,178,Undirected,1335,1
247,212,Undirected,1336,1
247,216,Undirected,1337,1
247,240,Undirected,1338,1
247,245,Undirected,1339,1
248,4,Undirected,1340,1
248,6,Undirected,1341,1
248,7,Undirected,1342,1
248,12,Undirected,1343,1
248,29,Undirected,1344,1
248,85,Undirected,1345,1
248,87,Undirected,1346,1
248,108,Undirected,1347,1
248,111,Undirected,1348,1
248,124,Undirected,1349,1
248,141,Undirected,1350,1
248,169,Undirected,1351,1
248,216,Undirected,1352,1
248,235,Undirected,1353,1
249,51,Undirected,1354,1
249,185,Undirected,1355,1
249,216,Undirected,1356,1
250,23,Undirected,1357,1
250,43,Undirected,1358,1
250,63,Undirected,1359,1
250,143,Undirected,1360,1
250,150,Undirected,1361,1
250,156,Undirected,1362,1
250,163,Undirected,1363,1
250,191,Undirected,1364,1
250,197,Undirected,1365,1
250,216,Undirected,1366,1
250,217,Undirected,1367,1
251,39,Undirected,1368,1
251,64,Undirected,1369,1
251,71,Undirected,1370,1
251,87,Undirected,1371,1
251,103,Undirected,1372,1
251,127,Undirected,1373,1
251,147,Undirected,1374,1
251,157,Undirected,1375,1
251,176,Undirected,1376,1
251,201,Undirected,1377,1
251,205,Undirected,1378,1
251,216,Undirected,1379,1
252,9,Undirected,1380,1
252,216,Undirected,1381,1
253,57,Undirected,1382,1
253,86,Undirected,1383,1
253,90,Undirected,1384,1
253,92,Undirected,1385,1
253,111,Undirected,1386,1
253,114,Undirected,1387,1
253,124,Undirected,1388,1
253,129,Undirected,1389,1
253,136,Undirected,1390,1
253,176,Undirected,1391,1
253,181,Undirected,1392,1
253,205,Undirected,1393,1
253,216,Undirected,1394,1
253,238,Undirected,1395,1
254,7,Undirected,1396,1
254,57,Undirected,1397,1
254,90,Undirected,1398,1
254,92,Undirected,1399,1
254,129,Undirected,1400,1
254,131,Undirected,1401,1
254,135,Undirected,1402,1
254,136,Undirected,1403,1
254,158,Undirected,1404,1
254,178,Undirected,1405,1
254,207,Undirected,1406,1
254,216,Undirected,1407,1
254,235,Undirected,1408,1
254,247,Undirected,1409,1
255,21,Undirected,1410,1
255,23,Undirected,1411,1
255,58,Undirected,1412,1
255,59,Undirected,1413,1
255,68,Undirected,1414,1
255,87,Undirected,1415,1
255,101,Undirected,1416,1
255,173,Undirected,1417,1
255,211,Undirected,1418,1
255,216,Undirected,1419,1
256,47,Undirected,1420,1
256,216,Undirected,1421,1
257,16,Undirected,1422,1
257,20,Undirected,1423,1
257,51,Undirected,1424,1
257,74,Undirected,1425,1
257,112,Undirected,1426,1
257,162,Undirected,1427,1
257,188,Undirected,1428,1
257,204,Undirected,1429,1
257,216,Undirected,1430,1
258,20,Undirected,1431,1
258,51,Undirected,1432,1
258,123,Undirected,1433,1
258,188,Undirected,1434,1
258,216,Undirected,1435,1
258,257,Undirected,1436,1
259,51,Undirected,1437,1
259,216,Undirected,1438,1
260,182,Undirected,1439,1
260,216,Undirected,1440,1
260,228,Undirected,1441,1
261,51,Undirected,1442,1
261,104,Undirected,1443,1
261,216,Undirected,1444,1
262,51,Undirected,1445,1
262,123,Undirected,1446,1
262,216,Undirected,1447,1
263,12,Undirected,1448,1
263,21,Undirected,1449,1
263,29,Undirected,1450,1
263,59,Undirected,1451,1
263,107,Undirected,1452,1
263,111,Undirected,1453,1
263,146,Undirected,1454,1
263,148,Undirected,1455,1
263,171,Undirected,1456,1
263,211,Undirected,1457,1
263,214,Undirected,1458,1
263,216,Undirected,1459,1
263,228,Undirected,1460,1
263,234,Undirected,1461,1
264,106,Undirected,1462,1
264,154,Undirected,1463,1
264,216,Undirected,1464,1
265,11,Undirected,1465,1
265,30,Undirected,1466,1
265,36,Undirected,1467,1
265,37,Undirected,1468,1
265,110,Undirected,1469,1
265,216,Undirected,1470,1
266,17,Undirected,1471,1
266,163,Undirected,1472,1
266,166,Undirected,1473,1
266,182,Undirected,1474,1
266,190,Undirected,1475,1
266,216,Undirected,1476,1
266,233,Undirected,1477,1
266,265,Undirected,1478,1
267,43,Undirected,1479,1
267,102,Undirected,1480,1
267,143,Undirected,1481,1
267,156,Undirected,1482,1
267,163,Undirected,1483,1
267,216,Undirected,1484,1
267,217,Undirected,1485,1
267,250,Undirected,1486,1
268,20,Undirected,1487,1
268,36,Undirected,1488,1
268,51,Undirected,1489,1
268,123,Undirected,1490,1
268,136,Undirected,1491,1
268,145,Undirected,1492,1
268,185,Undirected,1493,1
268,199,Undirected,1494,1
268,206,Undirected,1495,1
268,216,Undirected,1496,1
268,249,Undirected,1497,1
268,258,Undirected,1498,1
268,262,Undirected,1499,1
269,12,Undirected,1500,1
269,43,Undirected,1501,1
269,49,Undirected,1502,1
269,63,Undirected,1503,1
269,132,Undirected,1504,1
269,140,Undirected,1505,1
269,143,Undirected,1506,1
269,150,Undirected,1507,1
269,151,Undirected,1508,1
269,163,Undirected,1509,1
269,191,Undirected,1510,1
269,216,Undirected,1511,1
269,217,Undirected,1512,1
269,250,Undirected,1513,1
270,10,Undirected,1514,1
270,27,Undirected,1515,1
270,51,Undirected,1516,1
270,70,Undirected,1517,1
270,126,Undirected,1518,1
270,216,Undirected,1519,1
271,4,Undirected,1520,1
271,12,Undirected,1521,1
271,21,Undirected,1522,1
271,29,Undirected,1523,1
271,42,Undirected,1524,1
271,58,Undirected,1525,1
271,59,Undirected,1526,1
271,68,Undirected,1527,1
271,75,Undirected,1528,1
271,85,Undirected,1529,1
271,106,Undirected,1530,1
271,108,Undirected,1531,1
271,111,Undirected,1532,1
271,133,Undirected,1533,1
271,138,Undirected,1534,1
271,141,Undirected,1535,1
271,145,Undirected,1536,1
271,148,Undirected,1537,1
271,167,Undirected,1538,1
271,169,Undirected,1539,1
271,173,Undirected,1540,1
271,175,Undirected,1541,1
271,176,Undirected,1542,1
271,179,Undirected,1543,1
271,183,Undirected,1544,1
271,200,Undirected,1545,1
271,213,Undirected,1546,1
271,214,Undirected,1547,1
271,216,Undirected,1548,1
271,240,Undirected,1549,1
271,248,Undirected,1550,1
271,253,Undirected,1551,1
271,263,Undirected,1552,1
272,4,Undirected,1553,1
272,32,Undirected,1554,1
272,34,Undirected,1555,1
272,90,Undirected,1556,1
272,92,Undirected,1557,1
272,97,Undirected,1558,1
272,113,Undirected,1559,1
272,127,Undirected,1560,1
272,129,Undirected,1561,1
272,135,Undirected,1562,1
272,136,Undirected,1563,1
272,138,Undirected,1564,1
272,147,Undirected,1565,1
272,176,Undirected,1566,1
272,212,Undirected,1567,1
272,216,Undirected,1568,1
272,235,Undirected,1569,1
273,153,Undirected,1570,1
273,216,Undirected,1571,1
274,37,Undirected,1572,1
274,48,Undirected,1573,1
274,116,Undirected,1574,1
274,153,Undirected,1575,1
274,172,Undirected,1576,1
274,216,Undirected,1577,1
275,153,Undirected,1578,1
275,216,Undirected,1579,1
275,273,Undirected,1580,1
276,51,Undirected,1581,1
276,80,Undirected,1582,1
276,185,Undirected,1583,1
276,199,Undirected,1584,1
276,216,Undirected,1585,1
276,249,Undirected,1586,1
276,268,Undirected,1587,1
277,4,Undirected,1588,1
277,17,Undirected,1589,1
277,45,Undirected,1590,1
277,65,Undirected,1591,1
277,79,Undirected,1592,1
277,89,Undirected,1593,1
277,124,Undirected,1594,1
277,149,Undirected,1595,1
277,166,Undirected,1596,1
277,190,Undirected,1597,1
277,216,Undirected,1598,1
277,236,Undirected,1599,1
278,216,Undirected,1600,1
278,235,Undirected,1601,1
278,251,Undirected,1602,1
279,13,Undirected,1603,1
279,26,Undirected,1604,1
279,38,Undirected,1605,1
279,117,Undirected,1606,1
279,216,Undirected,1607,1
280,36,Undirected,1608,1
280,37,Undirected,1609,1
280,46,Undirected,1610,1
280,48,Undirected,1611,1
280,216,Undirected,1612,1
280,248,Undirected,1613,1
281,62,Undirected,1614,1
281,122,Undirected,1615,1
281,146,Undirected,1616,1
281,171,Undirected,1617,1
281,175,Undirected,1618,1
281,196,Undirected,1619,1
281,216,Undirected,1620,1
281,220,Undirected,1621,1
281,228,Undirected,1622,1
281,234,Undirected,1623,1
282,17,Undirected,1624,1
282,45,Undirected,1625,1
282,79,Undirected,1626,1
282,89,Undirected,1627,1
282,91,Undirected,1628,1
282,129,Undirected,1629,1
282,149,Undirected,1630,1
282,216,Undirected,1631,1
282,236,Undirected,1632,1
282,277,Undirected,1633,1
283,163,Undirected,1634,1
283,216,Undirected,1635,1
283,263,Undirected,1636,1
284,1,Undirected,1637,1
284,4,Undirected,1638,1
284,15,Undirected,1639,1
284,32,Undirected,1640,1
284,41,Undirected,1641,1
284,49,Undirected,1642,1
284,57,Undirected,1643,1
284,83,Undirected,1644,1
284,84,Undirected,1645,1
284,85,Undirected,1646,1
284,86,Undirected,1647,1
284,92,Undirected,1648,1
284,97,Undirected,1649,1
284,108,Undirected,1650,1
284,129,Undirected,1651,1
284,136,Undirected,1652,1
284,147,Undirected,1653,1
284,151,Undirected,1654,1
284,154,Undirected,1655,1
284,176,Undirected,1656,1
284,179,Undirected,1657,1
284,212,Undirected,1658,1
284,216,Undirected,1659,1
284,245,Undirected,1660,1
284,247,Undirected,1661,1
284,272,Undirected,1662,1
285,23,Undirected,1663,1
285,54,Undirected,1664,1
285,216,Undirected,1665,1
286,51,Undirected,1666,1
286,143,Undirected,1667,1
286,197,Undirected,1668,1
286,216,Undirected,1669,1
286,250,Undirected,1670,1
287,95,Undirected,1671,1
287,212,Undirected,1672,1
287,216,Undirected,1673,1
288,6,Undirected,1674,1
288,40,Undirected,1675,1
288,151,Undirected,1676,1
288,216,Undirected,1677,1
288,219,Undirected,1678,1
289,17,Undirected,1679,1
289,163,Undirected,1680,1
289,166,Undirected,1681,1
289,172,Undirected,1682,1
289,190,Undirected,1683,1
289,216,Undirected,1684,1
289,233,Undirected,1685,1
289,266,Undirected,1686,1
290,216,Undirected,1687,1
291,4,Undirected,1688,1
291,7,Undirected,1689,1
291,28,Undirected,1690,1
291,31,Undirected,1691,1
291,32,Undirected,1692,1
291,39,Undirected,1693,1
291,49,Undirected,1694,1
291,50,Undirected,1695,1
291,57,Undirected,1696,1
291,64,Undirected,1697,1
291,68,Undirected,1698,1
291,83,Undirected,1699,1
291,84,Undirected,1700,1
291,85,Undirected,1701,1
291,86,Undirected,1702,1
291,90,Undirected,1703,1
291,92,Undirected,1704,1
291,97,Undirected,1705,1
291,103,Undirected,1706,1
291,115,Undirected,1707,1
291,127,Undirected,1708,1
291,129,Undirected,1709,1
291,133,Undirected,1710,1
291,135,Undirected,1711,1
291,136,Undirected,1712,1
291,147,Undirected,1713,1
291,153,Undirected,1714,1
291,156,Undirected,1715,1
291,161,Undirected,1716,1
291,164,Undirected,1717,1
291,176,Undirected,1718,1
291,180,Undirected,1719,1
291,201,Undirected,1720,1
291,205,Undirected,1721,1
291,212,Undirected,1722,1
291,216,Undirected,1723,1
291,235,Undirected,1724,1
291,245,Undirected,1725,1
291,247,Undirected,1726,1
291,251,Undirected,1727,1
291,254,Undirected,1728,1
291,271,Undirected,1729,1
291,284,Undirected,1730,1
292,4,Undirected,1731,1
292,32,Undirected,1732,1
292,57,Undirected,1733,1
292,92,Undirected,1734,1
292,136,Undirected,1735,1
292,216,Undirected,1736,1
292,291,Undirected,1737,1
293,189,Undirected,1738,1
293,216,Undirected,1739,1
294,4,Undirected,1740,1
294,7,Undirected,1741,1
294,15,Undirected,1742,1
294,19,Undirected,1743,1
294,32,Undirected,1744,1
294,33,Undirected,1745,1
294,50,Undirected,1746,1
294,51,Undirected,1747,1
294,54,Undirected,1748,1
294,57,Undirected,1749,1
294,84,Undirected,1750,1
294,85,Undirected,1751,1
294,86,Undirected,1752,1
294,90,Undirected,1753,1
294,92,Undirected,1754,1
294,95,Undirected,1755,1
294,97,Undirected,1756,1
294,113,Undirected,1757,1
294,114,Undirected,1758,1
294,127,Undirected,1759,1
294,129,Undirected,1760,1
294,131,Undirected,1761,1
294,133,Undirected,1762,1
294,135,Undirected,1763,1
294,136,Undirected,1764,1
294,137,Undirected,1765,1
294,153,Undirected,1766,1
294,158,Undirected,1767,1
294,168,Undirected,1768,1
294,173,Undirected,1769,1
294,176,Undirected,1770,1
294,178,Undirected,1771,1
294,179,Undirected,1772,1
294,205,Undirected,1773,1
294,207,Undirected,1774,1
294,212,Undirected,1775,1
294,216,Undirected,1776,1
294,219,Undirected,1777,1
294,223,Undirected,1778,1
294,235,Undirected,1779,1
294,240,Undirected,1780,1
294,245,Undirected,1781,1
294,247,Undirected,1782,1
294,253,Undirected,1783,1
294,254,Undirected,1784,1
294,272,Undirected,1785,1
294,284,Undirected,1786,1
294,291,Undirected,1787,1
294,292,Undirected,1788,1
295,4,Undirected,1789,1
295,12,Undirected,1790,1
295,15,Undirected,1791,1
295,21,Undirected,1792,1
295,32,Undirected,1793,1
295,84,Undirected,1794,1
295,85,Undirected,1795,1
295,92,Undirected,1796,1
295,97,Undirected,1797,1
295,101,Undirected,1798,1
295,108,Undirected,1799,1
295,129,Undirected,1800,1
295,154,Undirected,1801,1
295,175,Undirected,1802,1
295,205,Undirected,1803,1
295,212,Undirected,1804,1
295,216,Undirected,1805,1
295,245,Undirected,1806,1
295,246,Undirected,1807,1
295,272,Undirected,1808,1
295,284,Undirected,1809,1
295,291,Undirected,1810,1
295,294,Undirected,1811,1
296,32,Undirected,1812,1
296,64,Undirected,1813,1
296,71,Undirected,1814,1
296,127,Undirected,1815,1
296,205,Undirected,1816,1
296,216,Undirected,1817,1
296,251,Undirected,1818,1
296,291,Undirected,1819,1
297,189,Undirected,1820,1
297,216,Undirected,1821,1
297,293,Undirected,1822,1
298,216,Undirected,1823,1
299,10,Undirected,1824,1
299,27,Undirected,1825,1
299,51,Undirected,1826,1
299,70,Undirected,1827,1
299,126,Undirected,1828,1
299,177,Undirected,1829,1
299,210,Undirected,1830,1
299,216,Undirected,1831,1
299,270,Undirected,1832,1
300,24,Undirected,1833,1
300,36,Undirected,1834,1
300,37,Undirected,1835,1
300,46,Undirected,1836,1
300,48,Undirected,1837,1
300,116,Undirected,1838,1
300,216,Undirected,1839,1
300,274,Undirected,1840,1
300,280,Undirected,1841,1
301,14,Undirected,1842,1
301,216,Undirected,1843,1
302,92,Undirected,1844,1
302,168,Undirected,1845,1
302,216,Undirected,1846,1
302,223,Undirected,1847,1
302,294,Undirected,1848,1
303,85,Undirected,1849,1
303,107,Undirected,1850,1
303,176,Undirected,1851,1
303,216,Undirected,1852,1
304,40,Undirected,1853,1
304,53,Undirected,1854,1
304,120,Undirected,1855,1
304,134,Undirected,1856,1
304,216,Undirected,1857,1
304,219,Undirected,1858,1
304,231,Undirected,1859,1
304,242,Undirected,1860,1
305,216,Undirected,1861,1
306,8,Undirected,1862,1
306,51,Undirected,1863,1
306,56,Undirected,1864,1
306,76,Undirected,1865,1
306,118,Undirected,1866,1
306,206,Undirected,1867,1
306,216,Undirected,1868,1
307,43,Undirected,1869,1
307,143,Undirected,1870,1
307,163,Undirected,1871,1
307,197,Undirected,1872,1
307,216,Undirected,1873,1
307,239,Undirected,1874,1
308,29,Undirected,1875,1
308,42,Undirected,1876,1
308,59,Undirected,1877,1
308,68,Undirected,1878,1
308,135,Undirected,1879,1
308,148,Undirected,1880,1
308,175,Undirected,1881,1
308,200,Undirected,1882,1
308,213,Undirected,1883,1
308,214,Undirected,1884,1
308,216,Undirected,1885,1
308,218,Undirected,1886,1
